{
    "training_r2_score": 0.9974558944867787,
    "mae": 1106.6387328488456,
    "rmse": 2786.6032718629845,
    "r2_score": 0.9849248106797691
}
